0.0004001746419817209,0.0004001746419817209,0.0004001746419817209,0.0004001746419817209,0.9903958439826965,0.0004001746419817209,0.0004001746419817209,0.0004001746419817209,0.0004001746419817209,0.0004001746419817209,0.0004001746419817209,0.0004001746419817209,0.0004001746419817209,0.0004001746419817209,0.0004001746419817209,0.0004001746419817209,0.0004001746419817209,0.0004001746419817209,0.0004001746419817209,0.0004001746419817209,0.0004001746419817209,0.0004001746419817209,0.0004001746419817209,0.0004001746419817209,0.0004001746419817209
0.0001628836034797132,0.0001628836034797132,0.0001628836034797132,0.0001628836034797132,0.0001628836034797132,0.0001628836034797132,0.0001628836034797132,0.0001628836034797132,0.0001628836034797132,0.0001628836034797132,0.0001628836034797132,0.029297543689608574,0.0001628836034797132,0.0001628836034797132,0.0001628836034797132,0.0001628836034797132,0.0001628836034797132,0.0903218612074852,0.8767971396446228,0.0001628836034797132,0.0001628836034797132,0.0001628836034797132,0.0001628836034797132,0.0001628836034797132,0.0001628836034797132
0.0003399091656319797,0.0003399091656319797,0.0003399091656319797,0.0003399091656319797,0.0003399091656319797,0.09075766801834106,0.0003399091656319797,0.0003399091656319797,0.0003399091656319797,0.0003399091656319797,0.0003399091656319797,0.9014244079589844,0.0003399091656319797,0.0003399091656319797,0.0003399091656319797,0.0003399091656319797,0.0003399091656319797,0.0003399091656319797,0.0003399091656319797,0.0003399091656319797,0.0003399091656319797,0.0003399091656319797,0.0003399091656319797,0.0003399091656319797,0.0003399091656319797
0.00010971612937282771,0.00010971612937282771,0.00010971612937282771,0.00010971612937282771,0.00010971612937282771,0.00010971612937282771,0.00010971612937282771,0.00010971612937282771,0.00010971612937282771,0.00010971612937282771,0.00010971612937282771,0.00010971612937282771,0.00010971612937282771,0.00010971612937282771,0.9973668456077576,0.00010971612937282771,0.00010971612937282771,0.00010971612937282771,0.00010971612937282771,0.00010971612937282771,0.00010971612937282771,0.00010971612937282771,0.00010971612937282771,0.00010971612937282771,0.00010971612937282771
0.00015766882279422134,0.00015766882279422134,0.00015766882279422134,0.00015766882279422134,0.00015766882279422134,0.00015766882279422134,0.00015766882279422134,0.00015766882279422134,0.00015766882279422134,0.00015766882279422134,0.00015766882279422134,0.00015766882279422134,0.00015766882279422134,0.00015766882279422134,0.00015766882279422134,0.00015766882279422134,0.00015766882279422134,0.00015766882279422134,0.00015766882279422134,0.00015766882279422134,0.00015766882279422134,0.8338591456413269,0.00015766882279422134,0.16251449286937714,0.00015766882279422134
0.0001287950435653329,0.0001287950435653329,0.0001287950435653329,0.0001287950435653329,0.0001287950435653329,0.0001287950435653329,0.0001287950435653329,0.0001287950435653329,0.0001287950435653329,0.0001287950435653329,0.4493914544582367,0.5476462841033936,0.0001287950435653329,0.0001287950435653329,0.0001287950435653329,0.0001287950435653329,0.0001287950435653329,0.0001287950435653329,0.0001287950435653329,0.0001287950435653329,0.0001287950435653329,0.0001287950435653329,0.0001287950435653329,0.0001287950435653329,0.0001287950435653329
0.00022439126041717827,0.00022439126041717827,0.00022439126041717827,0.00022439126041717827,0.00022439126041717827,0.07283300161361694,0.00022439126041717827,0.00022439126041717827,0.00022439126041717827,0.00022439126041717827,0.00022439126041717827,0.00022439126041717827,0.00022439126041717827,0.00022439126041717827,0.00022439126041717827,0.00022439126041717827,0.00022439126041717827,0.00022439126041717827,0.00022439126041717827,0.00022439126041717827,0.9220060110092163,0.00022439126041717827,0.00022439126041717827,0.00022439126041717827,0.00022439126041717827
0.00015960920427460223,0.00015960920427460223,0.00015960920427460223,0.00015960920427460223,0.00015960920427460223,0.00015960920427460223,0.00015960920427460223,0.00015960920427460223,0.00015960920427460223,0.00015960920427460223,0.00015960920427460223,0.00015960920427460223,0.00015960920427460223,0.00015960920427460223,0.00015960920427460223,0.00015960920427460223,0.00015960920427460223,0.9961693286895752,0.00015960920427460223,0.00015960920427460223,0.00015960920427460223,0.00015960920427460223,0.00015960920427460223,0.00015960920427460223,0.00015960920427460223
0.00022208275913726538,0.00022208275913726538,0.00022208275913726538,0.00022208275913726538,0.00022208275913726538,0.00022208275913726538,0.00022208275913726538,0.00022208275913726538,0.00022208275913726538,0.00022208275913726538,0.00022208275913726538,0.00022208275913726538,0.00022208275913726538,0.00022208275913726538,0.00022208275913726538,0.00022208275913726538,0.00022208275913726538,0.7815485000610352,0.00022208275913726538,0.00022208275913726538,0.00022208275913726538,0.00022208275913726538,0.00022208275913726538,0.00022208275913726538,0.21334362030029297
0.00029476277995854616,0.00029476277995854616,0.00029476277995854616,0.00029476277995854616,0.00029476277995854616,0.9929256439208984,0.00029476277995854616,0.00029476277995854616,0.00029476277995854616,0.00029476277995854616,0.00029476277995854616,0.00029476277995854616,0.00029476277995854616,0.00029476277995854616,0.00029476277995854616,0.00029476277995854616,0.00029476277995854616,0.00029476277995854616,0.00029476277995854616,0.00029476277995854616,0.00029476277995854616,0.00029476277995854616,0.00029476277995854616,0.00029476277995854616,0.00029476277995854616
6.30453587291413e-06,6.30453587291413e-06,6.30453587291413e-06,6.30453587291413e-06,6.30453587291413e-06,0.7436206936836243,6.30453587291413e-06,0.06926320493221283,6.30453587291413e-06,6.30453587291413e-06,6.30453587291413e-06,6.30453587291413e-06,6.30453587291413e-06,6.30453587291413e-06,6.30453587291413e-06,6.30453587291413e-06,6.30453587291413e-06,0.07161875069141388,0.11442521214485168,6.30453587291413e-06,6.30453587291413e-06,6.30453587291413e-06,6.30453587291413e-06,0.0009460462024435401,6.30453587291413e-06
0.00018298490613233298,0.00018298490613233298,0.00018298490613233298,0.00018298490613233298,0.00018298490613233298,0.00018298490613233298,0.00018298490613233298,0.00018298490613233298,0.00018298490613233298,0.00018298490613233298,0.00018298490613233298,0.00018298490613233298,0.00018298490613233298,0.00018298490613233298,0.9956083297729492,0.00018298490613233298,0.00018298490613233298,0.00018298490613233298,0.00018298490613233298,0.00018298490613233298,0.00018298490613233298,0.00018298490613233298,0.00018298490613233298,0.00018298490613233298,0.00018298490613233298
0.00011529670155141503,0.00011529670155141503,0.00011529670155141503,0.00011529670155141503,0.00011529670155141503,0.00011529670155141503,0.00011529670155141503,0.00011529670155141503,0.00011529670155141503,0.00011529670155141503,0.00011529670155141503,0.00011529670155141503,0.00011529670155141503,0.00011529670155141503,0.00011529670155141503,0.00011529670155141503,0.00011529670155141503,0.9972329139709473,0.00011529670155141503,0.00011529670155141503,0.00011529670155141503,0.00011529670155141503,0.00011529670155141503,0.00011529670155141503,0.00011529670155141503
1.584436176926829e-05,1.584436176926829e-05,1.584436176926829e-05,1.584436176926829e-05,1.584436176926829e-05,0.24227645993232727,1.584436176926829e-05,1.584436176926829e-05,1.584436176926829e-05,1.584436176926829e-05,1.584436176926829e-05,1.584436176926829e-05,1.584436176926829e-05,1.584436176926829e-05,0.7150853276252747,1.584436176926829e-05,1.584436176926829e-05,0.04228967800736427,1.584436176926829e-05,1.584436176926829e-05,1.584436176926829e-05,1.584436176926829e-05,1.584436176926829e-05,1.584436176926829e-05,1.584436176926829e-05
1.0168565495405346e-05,1.0168565495405346e-05,1.0168565495405346e-05,1.0168565495405346e-05,1.0168565495405346e-05,0.017276667058467865,1.0168565495405346e-05,1.0168565495405346e-05,1.0168565495405346e-05,1.0168565495405346e-05,1.0168565495405346e-05,1.0168565495405346e-05,1.0168565495405346e-05,1.0168565495405346e-05,0.6131633520126343,1.0168565495405346e-05,1.0168565495405346e-05,0.3367648720741272,0.03258156403899193,1.0168565495405346e-05,1.0168565495405346e-05,1.0168565495405346e-05,1.0168565495405346e-05,1.0168565495405346e-05,1.0168565495405346e-05
1.5085071936482564e-05,1.5085071936482564e-05,1.5085071936482564e-05,1.5085071936482564e-05,1.5085071936482564e-05,0.004316553473472595,1.5085071936482564e-05,0.05315224826335907,1.5085071936482564e-05,1.5085071936482564e-05,1.5085071936482564e-05,1.5085071936482564e-05,1.5085071936482564e-05,1.5085071936482564e-05,0.05005092918872833,1.5085071936482564e-05,1.5085071936482564e-05,0.45226550102233887,0.43299612402915955,1.5085071936482564e-05,1.5085071936482564e-05,0.006932003423571587,1.5085071936482564e-05,1.5085071936482564e-05,1.5085071936482564e-05
8.457744843326509e-05,8.457744843326509e-05,8.457744843326509e-05,8.457744843326509e-05,8.457744843326509e-05,0.013532407581806183,8.457744843326509e-05,8.457744843326509e-05,8.457744843326509e-05,8.457744843326509e-05,8.457744843326509e-05,8.457744843326509e-05,8.457744843326509e-05,8.457744843326509e-05,8.457744843326509e-05,8.457744843326509e-05,8.457744843326509e-05,8.457744843326509e-05,0.98452228307724,8.457744843326509e-05,8.457744843326509e-05,8.457744843326509e-05,8.457744843326509e-05,8.457744843326509e-05,8.457744843326509e-05
1.3980429685034323e-05,1.3980429685034323e-05,1.3980429685034323e-05,1.3980429685034323e-05,1.3980429685034323e-05,0.07756734639406204,1.3980429685034323e-05,1.3980429685034323e-05,1.3980429685034323e-05,1.3980429685034323e-05,1.3980429685034323e-05,1.3980429685034323e-05,1.3980429685034323e-05,0.05023139342665672,0.005572909954935312,1.3980429685034323e-05,1.3980429685034323e-05,0.3973047137260437,1.3980429685034323e-05,1.3980429685034323e-05,0.469044029712677,1.3980429685034323e-05,1.3980429685034323e-05,1.3980429685034323e-05,1.3980429685034323e-05
8.28341580927372e-05,8.28341580927372e-05,8.28341580927372e-05,8.28341580927372e-05,8.28341580927372e-05,8.28341580927372e-05,8.28341580927372e-05,8.28341580927372e-05,8.28341580927372e-05,8.28341580927372e-05,8.28341580927372e-05,8.28341580927372e-05,8.28341580927372e-05,8.28341580927372e-05,0.4621599614620209,8.28341580927372e-05,8.28341580927372e-05,0.5359348654747009,8.28341580927372e-05,8.28341580927372e-05,8.28341580927372e-05,8.28341580927372e-05,8.28341580927372e-05,8.28341580927372e-05,8.28341580927372e-05
9.706358832772821e-05,9.706358832772821e-05,9.706358832772821e-05,9.706358832772821e-05,9.706358832772821e-05,9.706358832772821e-05,9.706358832772821e-05,9.706358832772821e-05,9.706358832772821e-05,9.706358832772821e-05,9.706358832772821e-05,9.706358832772821e-05,9.706358832772821e-05,9.706358832772821e-05,9.706358832772821e-05,9.706358832772821e-05,9.706358832772821e-05,0.9976704716682434,9.706358832772821e-05,9.706358832772821e-05,9.706358832772821e-05,9.706358832772821e-05,9.706358832772821e-05,9.706358832772821e-05,9.706358832772821e-05
0.00014936919615138322,0.00014936919615138322,0.00014936919615138322,0.00014936919615138322,0.00014936919615138322,0.554305374622345,0.00014936919615138322,0.4422591030597687,0.00014936919615138322,0.00014936919615138322,0.00014936919615138322,0.00014936919615138322,0.00014936919615138322,0.00014936919615138322,0.00014936919615138322,0.00014936919615138322,0.00014936919615138322,0.00014936919615138322,0.00014936919615138322,0.00014936919615138322,0.00014936919615138322,0.00014936919615138322,0.00014936919615138322,0.00014936919615138322,0.00014936919615138322
0.0001092113452614285,0.0001092113452614285,0.0001092113452614285,0.0001092113452614285,0.0001092113452614285,0.0001092113452614285,0.0001092113452614285,0.0001092113452614285,0.0001092113452614285,0.0001092113452614285,0.0001092113452614285,0.0001092113452614285,0.0001092113452614285,0.0001092113452614285,0.0001092113452614285,0.0001092113452614285,0.0001092113452614285,0.997378945350647,0.0001092113452614285,0.0001092113452614285,0.0001092113452614285,0.0001092113452614285,0.0001092113452614285,0.0001092113452614285,0.0001092113452614285
3.611614374676719e-05,3.611614374676719e-05,3.611614374676719e-05,3.611614374676719e-05,3.611614374676719e-05,0.4430597126483917,3.611614374676719e-05,3.611614374676719e-05,3.611614374676719e-05,3.611614374676719e-05,3.611614374676719e-05,0.22064805030822754,3.611614374676719e-05,3.611614374676719e-05,3.611614374676719e-05,3.611614374676719e-05,3.611614374676719e-05,0.33549764752388,3.611614374676719e-05,3.611614374676719e-05,3.611614374676719e-05,3.611614374676719e-05,3.611614374676719e-05,3.611614374676719e-05,3.611614374676719e-05
7.306806946871802e-05,7.306806946871802e-05,7.306806946871802e-05,7.306806946871802e-05,7.306806946871802e-05,0.10225776582956314,7.306806946871802e-05,7.306806946871802e-05,7.306806946871802e-05,7.306806946871802e-05,7.306806946871802e-05,7.306806946871802e-05,7.306806946871802e-05,7.306806946871802e-05,0.7753241658210754,7.306806946871802e-05,7.306806946871802e-05,0.12081056833267212,7.306806946871802e-05,7.306806946871802e-05,7.306806946871802e-05,7.306806946871802e-05,7.306806946871802e-05,7.306806946871802e-05,7.306806946871802e-05
0.00036751237348653376,0.00036751237348653376,0.00036751237348653376,0.37321895360946655,0.00036751237348653376,0.00036751237348653376,0.00036751237348653376,0.00036751237348653376,0.00036751237348653376,0.00036751237348653376,0.00036751237348653376,0.00036751237348653376,0.00036751237348653376,0.00036751237348653376,0.6183282732963562,0.00036751237348653376,0.00036751237348653376,0.00036751237348653376,0.00036751237348653376,0.00036751237348653376,0.00036751237348653376,0.00036751237348653376,0.00036751237348653376,0.00036751237348653376,0.00036751237348653376
0.00043051844113506377,0.00043051844113506377,0.9896675944328308,0.00043051844113506377,0.00043051844113506377,0.00043051844113506377,0.00043051844113506377,0.00043051844113506377,0.00043051844113506377,0.00043051844113506377,0.00043051844113506377,0.00043051844113506377,0.00043051844113506377,0.00043051844113506377,0.00043051844113506377,0.00043051844113506377,0.00043051844113506377,0.00043051844113506377,0.00043051844113506377,0.00043051844113506377,0.00043051844113506377,0.00043051844113506377,0.00043051844113506377,0.00043051844113506377,0.00043051844113506377
5.480934487422928e-05,5.480934487422928e-05,5.480934487422928e-05,5.480934487422928e-05,5.480934487422928e-05,5.480934487422928e-05,5.480934487422928e-05,5.480934487422928e-05,5.480934487422928e-05,5.480934487422928e-05,5.480934487422928e-05,5.480934487422928e-05,5.480934487422928e-05,5.480934487422928e-05,5.480934487422928e-05,0.13616476953029633,5.480934487422928e-05,5.480934487422928e-05,5.480934487422928e-05,5.480934487422928e-05,5.480934487422928e-05,5.480934487422928e-05,5.480934487422928e-05,0.8625746369361877,5.480934487422928e-05
0.00016763027815613896,0.00016763027815613896,0.00016763027815613896,0.9959768652915955,0.00016763027815613896,0.00016763027815613896,0.00016763027815613896,0.00016763027815613896,0.00016763027815613896,0.00016763027815613896,0.00016763027815613896,0.00016763027815613896,0.00016763027815613896,0.00016763027815613896,0.00016763027815613896,0.00016763027815613896,0.00016763027815613896,0.00016763027815613896,0.00016763027815613896,0.00016763027815613896,0.00016763027815613896,0.00016763027815613896,0.00016763027815613896,0.00016763027815613896,0.00016763027815613896
5.070427505415864e-05,5.070427505415864e-05,5.070427505415864e-05,5.070427505415864e-05,5.070427505415864e-05,0.9832614064216614,5.070427505415864e-05,5.070427505415864e-05,5.070427505415864e-05,5.070427505415864e-05,5.070427505415864e-05,5.070427505415864e-05,5.070427505415864e-05,5.070427505415864e-05,5.070427505415864e-05,5.070427505415864e-05,5.070427505415864e-05,0.01557239517569542,5.070427505415864e-05,5.070427505415864e-05,5.070427505415864e-05,5.070427505415864e-05,5.070427505415864e-05,5.070427505415864e-05,5.070427505415864e-05
0.00011015835480066016,0.00011015835480066016,0.00011015835480066016,0.00011015835480066016,0.00011015835480066016,0.00011015835480066016,0.00011015835480066016,0.00011015835480066016,0.00011015835480066016,0.00011015835480066016,0.00011015835480066016,0.00011015835480066016,0.00011015835480066016,0.00011015835480066016,0.00011015835480066016,0.00011015835480066016,0.00011015835480066016,0.00011015835480066016,0.9973562359809875,0.00011015835480066016,0.00011015835480066016,0.00011015835480066016,0.00011015835480066016,0.00011015835480066016,0.00011015835480066016
0.0002200853923568502,0.0002200853923568502,0.0002200853923568502,0.0002200853923568502,0.0002200853923568502,0.9947178959846497,0.0002200853923568502,0.0002200853923568502,0.0002200853923568502,0.0002200853923568502,0.0002200853923568502,0.0002200853923568502,0.0002200853923568502,0.0002200853923568502,0.0002200853923568502,0.0002200853923568502,0.0002200853923568502,0.0002200853923568502,0.0002200853923568502,0.0002200853923568502,0.0002200853923568502,0.0002200853923568502,0.0002200853923568502,0.0002200853923568502,0.0002200853923568502
0.00016257783863693476,0.00016257783863693476,0.00016257783863693476,0.00016257783863693476,0.00016257783863693476,0.00016257783863693476,0.00016257783863693476,0.00016257783863693476,0.00016257783863693476,0.00016257783863693476,0.00016257783863693476,0.00016257783863693476,0.00016257783863693476,0.00016257783863693476,0.00016257783863693476,0.00016257783863693476,0.00016257783863693476,0.00016257783863693476,0.00016257783863693476,0.9960981011390686,0.00016257783863693476,0.00016257783863693476,0.00016257783863693476,0.00016257783863693476,0.00016257783863693476
0.00012154596333857626,0.00012154596333857626,0.00012154596333857626,0.00012154596333857626,0.9970829486846924,0.00012154596333857626,0.00012154596333857626,0.00012154596333857626,0.00012154596333857626,0.00012154596333857626,0.00012154596333857626,0.00012154596333857626,0.00012154596333857626,0.00012154596333857626,0.00012154596333857626,0.00012154596333857626,0.00012154596333857626,0.00012154596333857626,0.00012154596333857626,0.00012154596333857626,0.00012154596333857626,0.00012154596333857626,0.00012154596333857626,0.00012154596333857626,0.00012154596333857626
0.00028315692907199264,0.00028315692907199264,0.00028315692907199264,0.00028315692907199264,0.00028315692907199264,0.00028315692907199264,0.00028315692907199264,0.00028315692907199264,0.00028315692907199264,0.00028315692907199264,0.00028315692907199264,0.00028315692907199264,0.00028315692907199264,0.00028315692907199264,0.00028315692907199264,0.00028315692907199264,0.00028315692907199264,0.00028315692907199264,0.979693591594696,0.013793841004371643,0.00028315692907199264,0.00028315692907199264,0.00028315692907199264,0.00028315692907199264,0.00028315692907199264
0.00018295488553121686,0.00018295488553121686,0.00018295488553121686,0.00018295488553121686,0.00018295488553121686,0.00018295488553121686,0.00018295488553121686,0.00018295488553121686,0.00018295488553121686,0.00018295488553121686,0.00018295488553121686,0.00018295488553121686,0.00018295488553121686,0.00018295488553121686,0.9956090450286865,0.00018295488553121686,0.00018295488553121686,0.00018295488553121686,0.00018295488553121686,0.00018295488553121686,0.00018295488553121686,0.00018295488553121686,0.00018295488553121686,0.00018295488553121686,0.00018295488553121686
0.00035425685928203166,0.00035425685928203166,0.00035425685928203166,0.00035425685928203166,0.00035425685928203166,0.00035425685928203166,0.00035425685928203166,0.00035425685928203166,0.00035425685928203166,0.00035425685928203166,0.00035425685928203166,0.00035425685928203166,0.00035425685928203166,0.991497814655304,0.00035425685928203166,0.00035425685928203166,0.00035425685928203166,0.00035425685928203166,0.00035425685928203166,0.00035425685928203166,0.00035425685928203166,0.00035425685928203166,0.00035425685928203166,0.00035425685928203166,0.00035425685928203166
8.024049748200923e-05,8.024049748200923e-05,8.024049748200923e-05,8.024049748200923e-05,0.11826630681753159,8.024049748200923e-05,8.024049748200923e-05,8.024049748200923e-05,8.024049748200923e-05,8.024049748200923e-05,8.024049748200923e-05,8.024049748200923e-05,8.024049748200923e-05,8.024049748200923e-05,8.024049748200923e-05,8.024049748200923e-05,8.024049748200923e-05,0.8798881769180298,8.024049748200923e-05,8.024049748200923e-05,8.024049748200923e-05,8.024049748200923e-05,8.024049748200923e-05,8.024049748200923e-05,8.024049748200923e-05
0.00027048145420849323,0.00027048145420849323,0.00027048145420849323,0.00027048145420849323,0.00027048145420849323,0.00027048145420849323,0.00027048145420849323,0.00027048145420849323,0.00027048145420849323,0.00027048145420849323,0.00027048145420849323,0.00027048145420849323,0.00027048145420849323,0.00027048145420849323,0.00027048145420849323,0.00027048145420849323,0.00027048145420849323,0.00027048145420849323,0.00027048145420849323,0.00027048145420849323,0.9935083985328674,0.00027048145420849323,0.00027048145420849323,0.00027048145420849323,0.00027048145420849323
0.0003423866874072701,0.0003423866874072701,0.0003423866874072701,0.0003423866874072701,0.0003423866874072701,0.0003423866874072701,0.0003423866874072701,0.0003423866874072701,0.0003423866874072701,0.0003423866874072701,0.0003423866874072701,0.0003423866874072701,0.0003423866874072701,0.0003423866874072701,0.9917827248573303,0.0003423866874072701,0.0003423866874072701,0.0003423866874072701,0.0003423866874072701,0.0003423866874072701,0.0003423866874072701,0.0003423866874072701,0.0003423866874072701,0.0003423866874072701,0.0003423866874072701
0.00038882106309756637,0.00038882106309756637,0.00038882106309756637,0.00038882106309756637,0.00038882106309756637,0.00038882106309756637,0.00038882106309756637,0.00038882106309756637,0.00038882106309756637,0.00038882106309756637,0.00038882106309756637,0.00038882106309756637,0.00038882106309756637,0.9906682968139648,0.00038882106309756637,0.00038882106309756637,0.00038882106309756637,0.00038882106309756637,0.00038882106309756637,0.00038882106309756637,0.00038882106309756637,0.00038882106309756637,0.00038882106309756637,0.00038882106309756637,0.00038882106309756637
1.1680761417665053e-05,1.1680761417665053e-05,1.1680761417665053e-05,1.1680761417665053e-05,1.1680761417665053e-05,0.6029269099235535,1.1680761417665053e-05,1.1680761417665053e-05,1.1680761417665053e-05,1.1680761417665053e-05,1.1680761417665053e-05,1.1680761417665053e-05,1.1680761417665053e-05,1.1680761417665053e-05,1.1680761417665053e-05,1.1680761417665053e-05,1.1680761417665053e-05,0.18430615961551666,1.1680761417665053e-05,1.1680761417665053e-05,1.1680761417665053e-05,1.1680761417665053e-05,1.1680761417665053e-05,0.21250995993614197,1.1680761417665053e-05
1.4191634363669436e-05,1.4191634363669436e-05,1.4191634363669436e-05,1.4191634363669436e-05,1.4191634363669436e-05,0.9993528723716736,1.4191634363669436e-05,1.4191634363669436e-05,1.4191634363669436e-05,1.4191634363669436e-05,1.4191634363669436e-05,1.4191634363669436e-05,1.4191634363669436e-05,1.4191634363669436e-05,1.4191634363669436e-05,1.4191634363669436e-05,1.4191634363669436e-05,0.00032073038164526224,1.4191634363669436e-05,1.4191634363669436e-05,1.4191634363669436e-05,1.4191634363669436e-05,1.4191634363669436e-05,1.4191634363669436e-05,1.4191634363669436e-05
6.845096504548565e-05,6.845096504548565e-05,6.845096504548565e-05,6.845096504548565e-05,6.845096504548565e-05,0.23095309734344482,6.845096504548565e-05,6.845096504548565e-05,6.845096504548565e-05,6.845096504548565e-05,6.845096504548565e-05,6.845096504548565e-05,6.845096504548565e-05,6.845096504548565e-05,0.10100127756595612,6.845096504548565e-05,6.845096504548565e-05,0.11426395922899246,0.5523441433906555,6.845096504548565e-05,6.845096504548565e-05,6.845096504548565e-05,6.845096504548565e-05,6.845096504548565e-05,6.845096504548565e-05
2.1880649001104757e-05,2.1880649001104757e-05,2.1880649001104757e-05,2.1880649001104757e-05,2.1880649001104757e-05,0.0028013773262500763,2.1880649001104757e-05,2.1880649001104757e-05,2.1880649001104757e-05,2.1880649001104757e-05,2.1880649001104757e-05,2.1880649001104757e-05,2.1880649001104757e-05,2.1880649001104757e-05,2.1880649001104757e-05,2.1880649001104757e-05,2.1880649001104757e-05,0.1437099277973175,0.8530073165893555,2.1880649001104757e-05,2.1880649001104757e-05,2.1880649001104757e-05,2.1880649001104757e-05,2.1880649001104757e-05,2.1880649001104757e-05
3.225390537409112e-05,3.225390537409112e-05,3.225390537409112e-05,3.225390537409112e-05,3.225390537409112e-05,3.225390537409112e-05,3.225390537409112e-05,3.225390537409112e-05,3.225390537409112e-05,3.225390537409112e-05,3.225390537409112e-05,3.225390537409112e-05,3.225390537409112e-05,3.225390537409112e-05,3.225390537409112e-05,3.225390537409112e-05,3.225390537409112e-05,3.225390537409112e-05,3.225390537409112e-05,3.225390537409112e-05,3.225390537409112e-05,3.225390537409112e-05,3.225390537409112e-05,0.999225914478302,3.225390537409112e-05
7.637601811438799e-05,7.637601811438799e-05,7.637601811438799e-05,7.637601811438799e-05,7.637601811438799e-05,0.9981669187545776,7.637601811438799e-05,7.637601811438799e-05,7.637601811438799e-05,7.637601811438799e-05,7.637601811438799e-05,7.637601811438799e-05,7.637601811438799e-05,7.637601811438799e-05,7.637601811438799e-05,7.637601811438799e-05,7.637601811438799e-05,7.637601811438799e-05,7.637601811438799e-05,7.637601811438799e-05,7.637601811438799e-05,7.637601811438799e-05,7.637601811438799e-05,7.637601811438799e-05,7.637601811438799e-05
4.215603257762268e-05,4.215603257762268e-05,4.215603257762268e-05,4.215603257762268e-05,4.215603257762268e-05,4.215603257762268e-05,4.215603257762268e-05,4.215603257762268e-05,4.215603257762268e-05,4.215603257762268e-05,4.215603257762268e-05,4.215603257762268e-05,4.215603257762268e-05,4.215603257762268e-05,4.215603257762268e-05,4.215603257762268e-05,4.215603257762268e-05,0.9989882111549377,4.215603257762268e-05,4.215603257762268e-05,4.215603257762268e-05,4.215603257762268e-05,4.215603257762268e-05,4.215603257762268e-05,4.215603257762268e-05
0.00013385515194386244,0.00013385515194386244,0.00013385515194386244,0.00013385515194386244,0.00013385515194386244,0.9967874884605408,0.00013385515194386244,0.00013385515194386244,0.00013385515194386244,0.00013385515194386244,0.00013385515194386244,0.00013385515194386244,0.00013385515194386244,0.00013385515194386244,0.00013385515194386244,0.00013385515194386244,0.00013385515194386244,0.00013385515194386244,0.00013385515194386244,0.00013385515194386244,0.00013385515194386244,0.00013385515194386244,0.00013385515194386244,0.00013385515194386244,0.00013385515194386244
0.00013097769988235086,0.00013097769988235086,0.00013097769988235086,0.00013097769988235086,0.00013097769988235086,0.00013097769988235086,0.00013097769988235086,0.00013097769988235086,0.00013097769988235086,0.00013097769988235086,0.9968565702438354,0.00013097769988235086,0.00013097769988235086,0.00013097769988235086,0.00013097769988235086,0.00013097769988235086,0.00013097769988235086,0.00013097769988235086,0.00013097769988235086,0.00013097769988235086,0.00013097769988235086,0.00013097769988235086,0.00013097769988235086,0.00013097769988235086,0.00013097769988235086
0.9978680610656738,8.883061673259363e-05,8.883061673259363e-05,8.883061673259363e-05,8.883061673259363e-05,8.883061673259363e-05,8.883061673259363e-05,8.883061673259363e-05,8.883061673259363e-05,8.883061673259363e-05,8.883061673259363e-05,8.883061673259363e-05,8.883061673259363e-05,8.883061673259363e-05,8.883061673259363e-05,8.883061673259363e-05,8.883061673259363e-05,8.883061673259363e-05,8.883061673259363e-05,8.883061673259363e-05,8.883061673259363e-05,8.883061673259363e-05,8.883061673259363e-05,8.883061673259363e-05,8.883061673259363e-05
3.4046926884911954e-05,3.4046926884911954e-05,3.4046926884911954e-05,3.4046926884911954e-05,3.4046926884911954e-05,0.624262809753418,3.4046926884911954e-05,3.4046926884911954e-05,3.4046926884911954e-05,3.4046926884911954e-05,3.4046926884911954e-05,3.4046926884911954e-05,3.4046926884911954e-05,3.4046926884911954e-05,3.4046926884911954e-05,3.4046926884911954e-05,3.4046926884911954e-05,0.0074696592055261135,0.2474958598613739,3.4046926884911954e-05,3.4046926884911954e-05,3.4046926884911954e-05,3.4046926884911954e-05,0.12005672603845596,3.4046926884911954e-05
2.1468778868438676e-05,2.1468778868438676e-05,2.1468778868438676e-05,0.011230073869228363,2.1468778868438676e-05,0.03530333936214447,2.1468778868438676e-05,2.1468778868438676e-05,2.1468778868438676e-05,2.1468778868438676e-05,2.1468778868438676e-05,2.1468778868438676e-05,2.1468778868438676e-05,2.1468778868438676e-05,2.1468778868438676e-05,2.1468778868438676e-05,2.1468778868438676e-05,0.9439545273780823,2.1468778868438676e-05,2.1468778868438676e-05,2.1468778868438676e-05,2.1468778868438676e-05,2.1468778868438676e-05,0.00906122475862503,2.1468778868438676e-05
2.4865097657311708e-05,2.4865097657311708e-05,2.4865097657311708e-05,2.4865097657311708e-05,2.4865097657311708e-05,0.9080091714859009,2.4865097657311708e-05,2.4865097657311708e-05,2.4865097657311708e-05,2.4865097657311708e-05,2.4865097657311708e-05,2.4865097657311708e-05,2.4865097657311708e-05,2.4865097657311708e-05,2.4865097657311708e-05,2.4865097657311708e-05,2.4865097657311708e-05,0.09141891449689865,2.4865097657311708e-05,2.4865097657311708e-05,2.4865097657311708e-05,2.4865097657311708e-05,2.4865097657311708e-05,2.4865097657311708e-05,2.4865097657311708e-05
0.00018813041970133781,0.00018813041970133781,0.00018813041970133781,0.00018813041970133781,0.00018813041970133781,0.00018813041970133781,0.00018813041970133781,0.00018813041970133781,0.00018813041970133781,0.00018813041970133781,0.7080004811286926,0.00018813041970133781,0.00018813041970133781,0.00018813041970133781,0.00018813041970133781,0.2876725494861603,0.00018813041970133781,0.00018813041970133781,0.00018813041970133781,0.00018813041970133781,0.00018813041970133781,0.00018813041970133781,0.00018813041970133781,0.00018813041970133781,0.00018813041970133781
5.2608807891374454e-05,5.2608807891374454e-05,5.2608807891374454e-05,5.2608807891374454e-05,5.2608807891374454e-05,0.38382232189178467,5.2608807891374454e-05,5.2608807891374454e-05,5.2608807891374454e-05,5.2608807891374454e-05,5.2608807891374454e-05,5.2608807891374454e-05,5.2608807891374454e-05,5.2608807891374454e-05,5.2608807891374454e-05,5.2608807891374454e-05,5.2608807891374454e-05,0.0019088784465566278,0.6131113767623901,5.2608807891374454e-05,5.2608807891374454e-05,5.2608807891374454e-05,5.2608807891374454e-05,5.2608807891374454e-05,5.2608807891374454e-05
3.6386623833095655e-05,3.6386623833095655e-05,3.6386623833095655e-05,3.6386623833095655e-05,3.6386623833095655e-05,0.7594588398933411,3.6386623833095655e-05,3.6386623833095655e-05,3.6386623833095655e-05,3.6386623833095655e-05,3.6386623833095655e-05,3.6386623833095655e-05,3.6386623833095655e-05,3.6386623833095655e-05,3.6386623833095655e-05,3.6386623833095655e-05,3.6386623833095655e-05,0.23970425128936768,3.6386623833095655e-05,3.6386623833095655e-05,3.6386623833095655e-05,3.6386623833095655e-05,3.6386623833095655e-05,3.6386623833095655e-05,3.6386623833095655e-05
0.00012964698544237763,0.00012964698544237763,0.00012964698544237763,0.00012964698544237763,0.00012964698544237763,0.00012964698544237763,0.00012964698544237763,0.00012964698544237763,0.00012964698544237763,0.00012964698544237763,0.00012964698544237763,0.00012964698544237763,0.00012964698544237763,0.00012964698544237763,0.00012964698544237763,0.00012964698544237763,0.00012964698544237763,0.00012964698544237763,0.00012964698544237763,0.00012964698544237763,0.00012964698544237763,0.00012964698544237763,0.00012964698544237763,0.9968885183334351,0.00012964698544237763
4.4972395699005574e-05,4.4972395699005574e-05,4.4972395699005574e-05,4.4972395699005574e-05,4.4972395699005574e-05,4.4972395699005574e-05,4.4972395699005574e-05,4.4972395699005574e-05,4.4972395699005574e-05,4.4972395699005574e-05,4.4972395699005574e-05,4.4972395699005574e-05,4.4972395699005574e-05,4.4972395699005574e-05,4.4972395699005574e-05,4.4972395699005574e-05,4.4972395699005574e-05,0.7060445547103882,4.4972395699005574e-05,4.4972395699005574e-05,0.0036158806178718805,4.4972395699005574e-05,4.4972395699005574e-05,0.2893501818180084,4.4972395699005574e-05
8.705691288923845e-05,8.705691288923845e-05,8.705691288923845e-05,8.705691288923845e-05,8.705691288923845e-05,8.705691288923845e-05,8.705691288923845e-05,8.705691288923845e-05,8.705691288923845e-05,8.705691288923845e-05,8.705691288923845e-05,8.705691288923845e-05,8.705691288923845e-05,8.705691288923845e-05,8.705691288923845e-05,8.705691288923845e-05,8.705691288923845e-05,0.9979106783866882,8.705691288923845e-05,8.705691288923845e-05,8.705691288923845e-05,8.705691288923845e-05,8.705691288923845e-05,8.705691288923845e-05,8.705691288923845e-05
0.0157450120896101,9.323064296040684e-05,9.323064296040684e-05,9.323064296040684e-05,9.323064296040684e-05,9.323064296040684e-05,9.323064296040684e-05,9.323064296040684e-05,9.323064296040684e-05,9.323064296040684e-05,9.323064296040684e-05,9.323064296040684e-05,9.323064296040684e-05,9.323064296040684e-05,9.323064296040684e-05,9.323064296040684e-05,9.323064296040684e-05,9.323064296040684e-05,0.9821106791496277,9.323064296040684e-05,9.323064296040684e-05,9.323064296040684e-05,9.323064296040684e-05,9.323064296040684e-05,9.323064296040684e-05
0.0004548179858829826,0.0004548179858829826,0.0004548179858829826,0.0004548179858829826,0.9890843629837036,0.0004548179858829826,0.0004548179858829826,0.0004548179858829826,0.0004548179858829826,0.0004548179858829826,0.0004548179858829826,0.0004548179858829826,0.0004548179858829826,0.0004548179858829826,0.0004548179858829826,0.0004548179858829826,0.0004548179858829826,0.0004548179858829826,0.0004548179858829826,0.0004548179858829826,0.0004548179858829826,0.0004548179858829826,0.0004548179858829826,0.0004548179858829826,0.0004548179858829826
1.3151935490895994e-05,1.3151935490895994e-05,1.3151935490895994e-05,1.3151935490895994e-05,1.3151935490895994e-05,0.00192810851149261,1.3151935490895994e-05,0.0006765580619685352,1.3151935490895994e-05,1.3151935490895994e-05,1.3151935490895994e-05,1.3151935490895994e-05,1.3151935490895994e-05,0.0033505409955978394,0.4635826349258423,1.3151935490895994e-05,1.3151935490895994e-05,0.49643927812576294,1.3151935490895994e-05,1.3151935490895994e-05,1.3623086488223635e-05,1.3151935490895994e-05,1.3151935490895994e-05,0.03377249464392662,1.3151935490895994e-05
2.105970634147525e-05,2.105970634147525e-05,2.105970634147525e-05,2.105970634147525e-05,2.105970634147525e-05,2.105970634147525e-05,2.105970634147525e-05,2.105970634147525e-05,2.105970634147525e-05,2.105970634147525e-05,2.105970634147525e-05,2.105970634147525e-05,2.105970634147525e-05,2.105970634147525e-05,2.105970634147525e-05,2.105970634147525e-05,2.105970634147525e-05,0.9619570970535278,2.105970634147525e-05,2.105970634147525e-05,2.105970634147525e-05,2.105970634147525e-05,2.105970634147525e-05,0.037558525800704956,2.105970634147525e-05
4.8446596338180825e-05,4.8446596338180825e-05,4.8446596338180825e-05,0.5484809279441833,4.8446596338180825e-05,0.11886478215456009,4.8446596338180825e-05,4.8446596338180825e-05,4.8446596338180825e-05,4.8446596338180825e-05,4.8446596338180825e-05,4.8446596338180825e-05,4.8446596338180825e-05,4.8446596338180825e-05,4.8446596338180825e-05,0.19009560346603394,4.8446596338180825e-05,0.012533511966466904,4.8446596338180825e-05,4.8446596338180825e-05,0.12905628979206085,4.8446596338180825e-05,4.8446596338180825e-05,4.8446596338180825e-05,4.8446596338180825e-05
5.051913467468694e-05,5.051913467468694e-05,5.051913467468694e-05,5.051913467468694e-05,5.051913467468694e-05,5.051913467468694e-05,5.051913467468694e-05,5.051913467468694e-05,5.051913467468694e-05,5.051913467468694e-05,5.051913467468694e-05,5.051913467468694e-05,5.051913467468694e-05,5.051913467468694e-05,5.051913467468694e-05,5.051913467468694e-05,5.051913467468694e-05,0.998787522315979,5.051913467468694e-05,5.051913467468694e-05,5.051913467468694e-05,5.051913467468694e-05,5.051913467468694e-05,5.051913467468694e-05,5.051913467468694e-05
2.337517980777193e-05,2.337517980777193e-05,2.337517980777193e-05,0.0064328317530453205,2.337517980777193e-05,0.8036630153656006,2.337517980777193e-05,2.337517980777193e-05,2.337517980777193e-05,2.337517980777193e-05,2.337517980777193e-05,2.337517980777193e-05,2.337517980777193e-05,2.337517980777193e-05,0.02665395848453045,2.337517980777193e-05,2.337517980777193e-05,0.020862990990281105,2.337517980777193e-05,2.337517980777193e-05,0.12764941155910492,2.337517980777193e-05,2.337517980777193e-05,0.014293630607426167,2.337517980777193e-05
0.0001642668794374913,0.0001642668794374913,0.0001642668794374913,0.0001642668794374913,0.0001642668794374913,0.0001642668794374913,0.0001642668794374913,0.0001642668794374913,0.0001642668794374913,0.0001642668794374913,0.0001642668794374913,0.0001642668794374913,0.0001642668794374913,0.398385226726532,0.0001642668794374913,0.0001642668794374913,0.0001642668794374913,0.0001642668794374913,0.0001642668794374913,0.0001642668794374913,0.0001642668794374913,0.0001642668794374913,0.0001642668794374913,0.5978366136550903,0.0001642668794374913
0.0001920567301567644,0.0001920567301567644,0.0001920567301567644,0.0001920567301567644,0.9953905940055847,0.0001920567301567644,0.0001920567301567644,0.0001920567301567644,0.0001920567301567644,0.0001920567301567644,0.0001920567301567644,0.0001920567301567644,0.0001920567301567644,0.0001920567301567644,0.0001920567301567644,0.0001920567301567644,0.0001920567301567644,0.0001920567301567644,0.0001920567301567644,0.0001920567301567644,0.0001920567301567644,0.0001920567301567644,0.0001920567301567644,0.0001920567301567644,0.0001920567301567644
8.121219252643641e-06,8.121219252643641e-06,8.121219252643641e-06,0.010683869011700153,8.121219252643641e-06,1.044703913066769e-05,8.121219252643641e-06,8.121219252643641e-06,8.121219252643641e-06,8.121219252643641e-06,8.121219252643641e-06,8.121219252643641e-06,8.121219252643641e-06,0.016211017966270447,8.121219252643641e-06,8.121219252643641e-06,8.121219252643641e-06,0.8747307062149048,0.09677547961473465,0.0007262612925842404,8.121219252643641e-06,8.121219252643641e-06,8.121219252643641e-06,0.0007160839741118252,8.121219252643641e-06
2.351641705899965e-05,2.351641705899965e-05,2.351641705899965e-05,2.351641705899965e-05,2.351641705899965e-05,2.351641705899965e-05,2.351641705899965e-05,2.351641705899965e-05,2.351641705899965e-05,2.351641705899965e-05,2.351641705899965e-05,2.351641705899965e-05,2.351641705899965e-05,2.3985252482816577e-05,0.002080467762425542,2.351641705899965e-05,2.351641705899965e-05,0.23350150883197784,2.351641705899965e-05,2.351641705899965e-05,2.351641705899965e-05,2.351641705899965e-05,2.351641705899965e-05,0.7639002203941345,2.351641705899965e-05
0.00018925174663309008,0.00018925174663309008,0.00018925174663309008,0.00018925174663309008,0.00018925174663309008,0.00018925174663309008,0.00018925174663309008,0.00018925174663309008,0.00018925174663309008,0.00018925174663309008,0.00018925174663309008,0.00018925174663309008,0.00018925174663309008,0.00018925174663309008,0.00018925174663309008,0.2765785753726959,0.00018925174663309008,0.00018925174663309008,0.00018925174663309008,0.00018925174663309008,0.7190686464309692,0.00018925174663309008,0.00018925174663309008,0.00018925174663309008,0.00018925174663309008
1.0052076504507568e-05,1.0052076504507568e-05,1.0052076504507568e-05,1.0052076504507568e-05,1.0052076504507568e-05,1.0052076504507568e-05,1.0052076504507568e-05,0.9884865283966064,1.0052076504507568e-05,1.0052076504507568e-05,1.0052076504507568e-05,1.0052076504507568e-05,1.0052076504507568e-05,1.0052076504507568e-05,1.0052076504507568e-05,1.0052076504507568e-05,1.0052076504507568e-05,0.011282236315310001,1.0052076504507568e-05,1.0052076504507568e-05,1.0052076504507568e-05,1.0052076504507568e-05,1.0052076504507568e-05,1.0052076504507568e-05,1.0052076504507568e-05
0.00021781538089271635,0.00021781538089271635,0.00021781538089271635,0.9947723746299744,0.00021781538089271635,0.00021781538089271635,0.00021781538089271635,0.00021781538089271635,0.00021781538089271635,0.00021781538089271635,0.00021781538089271635,0.00021781538089271635,0.00021781538089271635,0.00021781538089271635,0.00021781538089271635,0.00021781538089271635,0.00021781538089271635,0.00021781538089271635,0.00021781538089271635,0.00021781538089271635,0.00021781538089271635,0.00021781538089271635,0.00021781538089271635,0.00021781538089271635,0.00021781538089271635
0.00030138043803162873,0.00030138043803162873,0.00030138043803162873,0.00030138043803162873,0.00030138043803162873,0.00030138043803162873,0.00030138043803162873,0.00030138043803162873,0.00030138043803162873,0.00030138043803162873,0.00030138043803162873,0.00030138043803162873,0.00030138043803162873,0.00030138043803162873,0.00030138043803162873,0.00030138043803162873,0.00030138043803162873,0.992766797542572,0.00030138043803162873,0.00030138043803162873,0.00030138043803162873,0.00030138043803162873,0.00030138043803162873,0.00030138043803162873,0.00030138043803162873
0.0003012629458680749,0.0003012629458680749,0.0003012629458680749,0.0003012629458680749,0.0003012629458680749,0.0003012629458680749,0.0003012629458680749,0.0003012629458680749,0.0003012629458680749,0.0003012629458680749,0.9927696585655212,0.0003012629458680749,0.0003012629458680749,0.0003012629458680749,0.0003012629458680749,0.0003012629458680749,0.0003012629458680749,0.0003012629458680749,0.0003012629458680749,0.0003012629458680749,0.0003012629458680749,0.0003012629458680749,0.0003012629458680749,0.0003012629458680749,0.0003012629458680749
4.319669824326411e-05,4.319669824326411e-05,0.7454425692558289,4.319669824326411e-05,4.319669824326411e-05,4.319669824326411e-05,4.319669824326411e-05,4.319669824326411e-05,4.319669824326411e-05,4.319669824326411e-05,4.319669824326411e-05,4.319669824326411e-05,4.319669824326411e-05,4.319669824326411e-05,4.319669824326411e-05,4.319669824326411e-05,4.319669824326411e-05,0.005239330232143402,4.319669824326411e-05,4.319669824326411e-05,4.319669824326411e-05,4.319669824326411e-05,4.319669824326411e-05,0.2483678162097931,4.319669824326411e-05
4.929003262077458e-05,0.05205466225743294,4.929003262077458e-05,4.929003262077458e-05,4.929003262077458e-05,4.929003262077458e-05,4.929003262077458e-05,4.929003262077458e-05,4.929003262077458e-05,4.929003262077458e-05,4.929003262077458e-05,4.929003262077458e-05,4.929003262077458e-05,4.929003262077458e-05,4.929003262077458e-05,4.929003262077458e-05,4.929003262077458e-05,4.929003262077458e-05,4.929003262077458e-05,4.929003262077458e-05,0.9468116760253906,4.929003262077458e-05,4.929003262077458e-05,4.929003262077458e-05,4.929003262077458e-05
0.00018550561799202114,0.00018550561799202114,0.00018550561799202114,0.00018550561799202114,0.00018550561799202114,0.00018550561799202114,0.00018550561799202114,0.00018550561799202114,0.00018550561799202114,0.00018550561799202114,0.00018550561799202114,0.9955478310585022,0.00018550561799202114,0.00018550561799202114,0.00018550561799202114,0.00018550561799202114,0.00018550561799202114,0.00018550561799202114,0.00018550561799202114,0.00018550561799202114,0.00018550561799202114,0.00018550561799202114,0.00018550561799202114,0.00018550561799202114,0.00018550561799202114
2.3955630240379833e-05,2.3955630240379833e-05,2.3955630240379833e-05,2.3955630240379833e-05,2.3955630240379833e-05,0.006401300895959139,2.3955630240379833e-05,2.3955630240379833e-05,2.3955630240379833e-05,2.3955630240379833e-05,2.3955630240379833e-05,2.3955630240379833e-05,2.3955630240379833e-05,0.6797006130218506,2.3955630240379833e-05,2.3955630240379833e-05,2.3955630240379833e-05,0.31023070216178894,2.3955630240379833e-05,2.3955630240379833e-05,0.0031643023248761892,2.3955630240379833e-05,2.3955630240379833e-05,2.3955630240379833e-05,2.3955630240379833e-05
7.352804095717147e-05,7.352804095717147e-05,7.352804095717147e-05,7.352804095717147e-05,7.352804095717147e-05,7.352804095717147e-05,7.352804095717147e-05,7.352804095717147e-05,7.352804095717147e-05,7.352804095717147e-05,7.352804095717147e-05,7.352804095717147e-05,7.352804095717147e-05,7.352804095717147e-05,7.352804095717147e-05,0.947521984577179,7.352804095717147e-05,0.05078689754009247,7.352804095717147e-05,7.352804095717147e-05,7.352804095717147e-05,7.352804095717147e-05,7.352804095717147e-05,7.352804095717147e-05,7.352804095717147e-05
0.00010174800991080701,0.00010174800991080701,0.00010174800991080701,0.00010174800991080701,0.00010174800991080701,0.00010174800991080701,0.00010174800991080701,0.00010174800991080701,0.00010174800991080701,0.00010174800991080701,0.00010174800991080701,0.00010174800991080701,0.00010174800991080701,0.00010174800991080701,0.00010174800991080701,0.00010174800991080701,0.00010174800991080701,0.00010174800991080701,0.00010174800991080701,0.8651200532913208,0.00010174800991080701,0.00010174800991080701,0.00010174800991080701,0.13253973424434662,0.00010174800991080701
0.00021197574096731842,0.00021197574096731842,0.00021197574096731842,0.00021197574096731842,0.00021197574096731842,0.00021197574096731842,0.00021197574096731842,0.00021197574096731842,0.00021197574096731842,0.00021197574096731842,0.00021197574096731842,0.00021197574096731842,0.00021197574096731842,0.00021197574096731842,0.00021197574096731842,0.00021197574096731842,0.00021197574096731842,0.878882110118866,0.00021197574096731842,0.00021197574096731842,0.00021197574096731842,0.00021197574096731842,0.00021197574096731842,0.1162424311041832,0.00021197574096731842
1.6705584130249918e-05,1.6705584130249918e-05,1.6705584130249918e-05,1.6705584130249918e-05,1.6705584130249918e-05,0.2420811653137207,1.6705584130249918e-05,1.6705584130249918e-05,1.6705584130249918e-05,1.6705584130249918e-05,1.6705584130249918e-05,1.6705584130249918e-05,1.6705584130249918e-05,1.6705584130249918e-05,1.6705584130249918e-05,1.6705584130249918e-05,1.6705584130249918e-05,0.03613084927201271,0.7214204668998718,1.6705584130249918e-05,1.6705584130249918e-05,1.6705584130249918e-05,1.6705584130249918e-05,1.6705584130249918e-05,1.6705584130249918e-05
0.0001581898977747187,0.0001581898977747187,0.0001581898977747187,0.0001581898977747187,0.0001581898977747187,0.0001581898977747187,0.0001581898977747187,0.0001581898977747187,0.0001581898977747187,0.0001581898977747187,0.0001581898977747187,0.0001581898977747187,0.0001581898977747187,0.0001581898977747187,0.0001581898977747187,0.0001581898977747187,0.0001581898977747187,0.9962034225463867,0.0001581898977747187,0.0001581898977747187,0.0001581898977747187,0.0001581898977747187,0.0001581898977747187,0.0001581898977747187,0.0001581898977747187
4.8448458983330056e-05,4.8448458983330056e-05,4.8448458983330056e-05,4.8448458983330056e-05,4.8448458983330056e-05,4.8448458983330056e-05,4.8448458983330056e-05,4.8448458983330056e-05,4.8448458983330056e-05,4.8448458983330056e-05,4.8448458983330056e-05,4.8448458983330056e-05,4.8448458983330056e-05,4.8448458983330056e-05,4.8448458983330056e-05,4.8448458983330056e-05,4.8448458983330056e-05,0.9988372325897217,4.8448458983330056e-05,4.8448458983330056e-05,4.8448458983330056e-05,4.8448458983330056e-05,4.8448458983330056e-05,4.8448458983330056e-05,4.8448458983330056e-05
0.439736545085907,0.00013705324090551585,0.00013705324090551585,0.00013705324090551585,0.00013705324090551585,0.00013705324090551585,0.00013705324090551585,0.00013705324090551585,0.00013705324090551585,0.00013705324090551585,0.00013705324090551585,0.00013705324090551585,0.00013705324090551585,0.00013705324090551585,0.00013705324090551585,0.00013705324090551585,0.00013705324090551585,0.00013705324090551585,0.00013705324090551585,0.00013705324090551585,0.5103219747543335,0.00013705324090551585,0.00013705324090551585,0.04692629352211952,0.00013705324090551585
0.00040848288335837424,0.00040848288335837424,0.00040848288335837424,0.00040848288335837424,0.00040848288335837424,0.00040848288335837424,0.00040848288335837424,0.00040848288335837424,0.00040848288335837424,0.00040848288335837424,0.00040848288335837424,0.00040848288335837424,0.00040848288335837424,0.00040848288335837424,0.00040848288335837424,0.00040848288335837424,0.00040848288335837424,0.9901964068412781,0.00040848288335837424,0.00040848288335837424,0.00040848288335837424,0.00040848288335837424,0.00040848288335837424,0.00040848288335837424,0.00040848288335837424
3.0470271667581983e-05,3.0470271667581983e-05,3.0470271667581983e-05,0.7977533936500549,3.0470271667581983e-05,0.02135610021650791,3.0470271667581983e-05,3.0470271667581983e-05,3.0470271667581983e-05,3.0470271667581983e-05,3.0470271667581983e-05,3.0470271667581983e-05,3.0470271667581983e-05,3.0470271667581983e-05,3.0470271667581983e-05,3.0470271667581983e-05,3.0470271667581983e-05,0.09522516280412674,0.04904267564415932,0.036013249307870865,3.0470271667581983e-05,3.0470271667581983e-05,3.0470271667581983e-05,3.0470271667581983e-05,3.0470271667581983e-05
0.00014714902499690652,0.00014714902499690652,0.00014714902499690652,0.00014714902499690652,0.00014714902499690652,0.00014714902499690652,0.00014714902499690652,0.00014714902499690652,0.00014714902499690652,0.00014714902499690652,0.00014714902499690652,0.5246812701225281,0.00014714902499690652,0.00014714902499690652,0.47193434834480286,0.00014714902499690652,0.00014714902499690652,0.00014714902499690652,0.00014714902499690652,0.00014714902499690652,0.00014714902499690652,0.00014714902499690652,0.00014714902499690652,0.00014714902499690652,0.00014714902499690652
0.0002280618209624663,0.0002280618209624663,0.0002280618209624663,0.0002280618209624663,0.0002280618209624663,0.0002280618209624663,0.0002280618209624663,0.0002280618209624663,0.0002280618209624663,0.0002280618209624663,0.0002280618209624663,0.0002280618209624663,0.0002280618209624663,0.0002280618209624663,0.0002280618209624663,0.0002280618209624663,0.0002280618209624663,0.9945265054702759,0.0002280618209624663,0.0002280618209624663,0.0002280618209624663,0.0002280618209624663,0.0002280618209624663,0.0002280618209624663,0.0002280618209624663
8.58362272992963e-06,8.58362272992963e-06,8.58362272992963e-06,8.58362272992963e-06,8.58362272992963e-06,0.2428867667913437,8.58362272992963e-06,8.58362272992963e-06,8.58362272992963e-06,8.58362272992963e-06,8.58362272992963e-06,8.58362272992963e-06,8.58362272992963e-06,8.58362272992963e-06,8.58362272992963e-06,8.58362272992963e-06,8.58362272992963e-06,0.5907332301139832,8.58362272992963e-06,8.58362272992963e-06,0.1661912053823471,8.58362272992963e-06,8.58362272992963e-06,8.58362272992963e-06,8.58362272992963e-06
8.561137656215578e-05,8.561137656215578e-05,8.561137656215578e-05,8.561137656215578e-05,8.561137656215578e-05,0.015435264445841312,8.561137656215578e-05,8.561137656215578e-05,8.561137656215578e-05,8.561137656215578e-05,0.08280826359987259,8.561137656215578e-05,8.561137656215578e-05,8.561137656215578e-05,8.561137656215578e-05,8.561137656215578e-05,8.561137656215578e-05,0.5201456546783447,8.561137656215578e-05,0.379813015460968,8.561137656215578e-05,8.561137656215578e-05,8.561137656215578e-05,8.561137656215578e-05,8.561137656215578e-05
7.71838313085027e-05,7.71838313085027e-05,7.71838313085027e-05,7.71838313085027e-05,7.71838313085027e-05,7.71838313085027e-05,7.71838313085027e-05,7.71838313085027e-05,7.71838313085027e-05,7.71838313085027e-05,7.71838313085027e-05,7.71838313085027e-05,7.71838313085027e-05,7.71838313085027e-05,7.71838313085027e-05,7.71838313085027e-05,7.71838313085027e-05,0.9981475472450256,7.71838313085027e-05,7.71838313085027e-05,7.71838313085027e-05,7.71838313085027e-05,7.71838313085027e-05,7.71838313085027e-05,7.71838313085027e-05
8.839704605634324e-06,8.839704605634324e-06,8.839704605634324e-06,8.839704605634324e-06,8.839704605634324e-06,0.00011074469512095675,8.839704605634324e-06,8.839704605634324e-06,8.839704605634324e-06,8.839704605634324e-06,8.839704605634324e-06,8.839704605634324e-06,8.839704605634324e-06,8.839704605634324e-06,8.839704605634324e-06,8.839704605634324e-06,8.839704605634324e-06,0.9753003120422363,8.839704605634324e-06,8.839704605634324e-06,0.024394458159804344,8.839704605634324e-06,8.839704605634324e-06,8.839704605634324e-06,8.839704605634324e-06
1.9002023691427894e-05,1.9002023691427894e-05,1.9002023691427894e-05,1.9002023691427894e-05,0.0008206105558201671,0.020766323432326317,1.9002023691427894e-05,1.9002023691427894e-05,1.9002023691427894e-05,1.9002023691427894e-05,1.9002023691427894e-05,1.9002023691427894e-05,1.9002023691427894e-05,1.9002023691427894e-05,1.9002023691427894e-05,1.9002023691427894e-05,1.9002023691427894e-05,0.4586624205112457,0.48351961374282837,1.9002023691427894e-05,0.03585093840956688,1.9002023691427894e-05,1.9002023691427894e-05,1.9002023691427894e-05,1.9002023691427894e-05
3.823959923465736e-05,3.823959923465736e-05,3.823959923465736e-05,3.823959923465736e-05,0.9990822672843933,3.823959923465736e-05,3.823959923465736e-05,3.823959923465736e-05,3.823959923465736e-05,3.823959923465736e-05,3.823959923465736e-05,3.823959923465736e-05,3.823959923465736e-05,3.823959923465736e-05,3.823959923465736e-05,3.823959923465736e-05,3.823959923465736e-05,3.823959923465736e-05,3.823959923465736e-05,3.823959923465736e-05,3.823959923465736e-05,3.823959923465736e-05,3.823959923465736e-05,3.823959923465736e-05,3.823959923465736e-05
0.00019828190852422267,0.00019828190852422267,0.00019828190852422267,0.00019828190852422267,0.00019828190852422267,0.00019828190852422267,0.00019828190852422267,0.00019828190852422267,0.00019828190852422267,0.00019828190852422267,0.00019828190852422267,0.00019828190852422267,0.9921268820762634,0.00019828190852422267,0.00019828190852422267,0.00019828190852422267,0.00019828190852422267,0.0033126934431493282,0.00019828190852422267,0.00019828190852422267,0.00019828190852422267,0.00019828190852422267,0.00019828190852422267,0.00019828190852422267,0.00019828190852422267
0.00015050552610773593,0.00015050552610773593,0.00015050552610773593,0.00015050552610773593,0.00015050552610773593,0.00015050552610773593,0.00015050552610773593,0.00015050552610773593,0.00015050552610773593,0.00015050552610773593,0.00015050552610773593,0.00015050552610773593,0.00015050552610773593,0.00015050552610773593,0.00015050552610773593,0.00015050552610773593,0.00015050552610773593,0.00015050552610773593,0.00015050552610773593,0.00015050552610773593,0.00015050552610773593,0.9963878989219666,0.00015050552610773593,0.00015050552610773593,0.00015050552610773593
5.4722553613828495e-05,5.4722553613828495e-05,5.4722553613828495e-05,5.4722553613828495e-05,5.4722553613828495e-05,5.4722553613828495e-05,5.4722553613828495e-05,5.4722553613828495e-05,5.4722553613828495e-05,5.4722553613828495e-05,5.4722553613828495e-05,5.4722553613828495e-05,5.4722553613828495e-05,5.4722553613828495e-05,5.4722553613828495e-05,5.4722553613828495e-05,5.4722553613828495e-05,0.9986866116523743,5.4722553613828495e-05,5.4722553613828495e-05,5.4722553613828495e-05,5.4722553613828495e-05,5.4722553613828495e-05,5.4722553613828495e-05,5.4722553613828495e-05
7.71838313085027e-05,7.71838313085027e-05,7.71838313085027e-05,7.71838313085027e-05,7.71838313085027e-05,7.71838313085027e-05,7.71838313085027e-05,7.71838313085027e-05,7.71838313085027e-05,7.71838313085027e-05,7.71838313085027e-05,7.71838313085027e-05,7.71838313085027e-05,7.71838313085027e-05,7.71838313085027e-05,7.71838313085027e-05,7.71838313085027e-05,0.9981475472450256,7.71838313085027e-05,7.71838313085027e-05,7.71838313085027e-05,7.71838313085027e-05,7.71838313085027e-05,7.71838313085027e-05,7.71838313085027e-05
